0,0
3.1554e-30,2.7132e-75
2.0095e-06,6.7944e-23
1.2057e-05,8.8055e-20
6.2295e-05,6.2747e-17
0.00031348,4.0238e-14
0.0015694,2.5277e-11
0.0078491,1.581e-08
0.017849,4.226e-07
0.027849,2.5033e-06
0.037849,8.5364e-06
0.047849,2.1793e-05
0.057849,4.6535e-05
0.067849,8.8008e-05
0.077849,0.00015244
0.087849,0.00024704
0.097849,0.00037998
0.1,0.00041445
0.1,0.00041445
0.1,0.00041445
0.11,0.00060634
0.12,0.00085755
0.13,0.0011778
0.14,0.0015769
0.15,0.0020645
0.16,0.0026502
0.17,0.0033435
0.18,0.004154
0.19,0.005091
0.2,0.006164
0.21,0.0073822
0.22,0.0087548
0.23,0.010291
0.24,0.012
0.25,0.01389
0.26,0.015971
0.27,0.018251
0.28,0.020739
0.29,0.023443
0.3,0.026372
0.31,0.029534
0.32,0.032938
0.33,0.036591
0.34,0.040502
0.35,0.044679
0.36,0.049128
0.37,0.053859
0.38,0.058878
0.39,0.064193
0.4,0.06981
0.41,0.075738
0.42,0.081983
0.43,0.088551
0.44,0.09545
0.45,0.10269
0.46,0.11027
0.47,0.11819
0.48,0.12648
0.49,0.13512
0.5,0.14414
0.51,0.15352
0.52,0.16329
0.53,0.17343
0.54,0.18397
0.55,0.1949
0.56,0.20622
0.57,0.21795
0.58,0.23009
0.59,0.24263
0.6,0.25559
0.61,0.26897
0.62,0.28277
0.63,0.297
0.64,0.31165
0.65,0.32674
0.66,0.34226
0.67,0.35822
0.68,0.37462
0.69,0.39145
0.7,0.40874
0.71,0.42647
0.72,0.44464
0.73,0.46327
0.74,0.48234
0.75,0.50186
0.76,0.52184
0.77,0.54227
0.78,0.56315
0.79,0.58448
0.8,0.60627
0.81,0.62851
0.82,0.6512
0.83,0.67434
0.84,0.69793
0.85,0.72198
0.86,0.74647
0.87,0.77141
0.88,0.79679
0.89,0.82261
0.9,0.84888
0.91,0.87559
0.92,0.90273
0.93,0.9303
0.94,0.95831
0.95,0.98674
0.96,1.0156
0.97,1.0449
0.98,1.0746
0.99,1.1047
1,1.1352
1.01,1.1661
1.02,1.1974
1.03,1.2292
1.04,1.2613
1.05,1.2937
1.06,1.3266
1.07,1.3599
1.08,1.3935
1.09,1.4275
1.1,1.4618
1.11,1.4965
1.12,1.5315
1.13,1.5669
1.14,1.6025
1.15,1.6386
1.16,1.6749
1.17,1.7115
1.18,1.7485
1.19,1.7857
1.2,1.8232
1.21,1.861
1.22,1.8991
1.23,1.9374
1.24,1.976
1.25,2.0148
1.26,2.0539
1.27,2.0931
1.28,2.1326
1.29,2.1723
1.3,2.2123
1.31,2.2523
1.32,2.2926
1.33,2.333
1.34,2.3736
1.35,2.4144
1.36,2.4553
1.37,2.4963
1.38,2.5374
1.39,2.5786
1.4,2.62
1.41,2.6614
1.42,2.7029
1.43,2.7444
1.44,2.786
1.45,2.8277
1.46,2.8694
1.47,2.911
1.48,2.9527
1.49,2.9944
1.5,3.0361
1.51,3.0778
1.52,3.1194
1.53,3.1609
1.54,3.2024
1.55,3.2438
1.56,3.2852
1.57,3.3264
1.58,3.3675
1.59,3.4085
1.6,3.4493
1.61,3.49
1.62,3.5306
1.63,3.5709
1.64,3.6111
1.65,3.6511
1.66,3.6909
1.67,3.7304
1.68,3.7697
1.69,3.8088
1.7,3.8476
1.71,3.8861
1.72,3.9243
1.73,3.9622
1.74,3.9999
1.75,4.0372
1.76,4.0741
1.77,4.1107
1.78,4.147
1.79,4.1829
1.8,4.2184
1.81,4.2535
1.82,4.2882
1.83,4.3224
1.84,4.3562
1.85,4.3896
1.86,4.4226
1.87,4.455
1.88,4.487
1.89,4.5185
1.9,4.5494
1.91,4.5799
1.92,4.6098
1.93,4.6392
1.94,4.668
1.95,4.6963
1.96,4.724
1.97,4.7511
1.98,4.7776
1.99,4.8035
2,4.8287
2.01,4.8534
2.02,4.8774
2.03,4.9008
2.04,4.9235
2.05,4.9455
2.06,4.9668
2.07,4.9875
2.08,5.0075
2.09,5.0267
2.1,5.0452
2.11,5.063
2.12,5.0801
2.13,5.0964
2.14,5.112
2.15,5.1267
2.16,5.1408
2.17,5.154
2.18,5.1664
2.19,5.1781
2.2,5.1889
2.21,5.199
2.22,5.2082
2.23,5.2165
2.24,5.2241
2.25,5.2308
2.26,5.2366
2.27,5.2416
2.28,5.2458
2.29,5.249
2.3,5.2514
2.31,5.2529
2.32,5.2536
2.33,5.2533
2.34,5.2521
2.35,5.2501
2.36,5.2471
2.37,5.2432
2.38,5.2385
2.39,5.2327
2.4,5.2261
2.41,5.2186
2.42,5.2101
2.43,5.2006
2.44,5.1903
2.45,5.179
2.46,5.1668
2.47,5.1536
2.48,5.1395
2.49,5.1244
2.5,5.1084
2.51,5.0914
2.52,5.0735
2.53,5.0547
2.54,5.0348
2.55,5.0141
2.56,4.9924
2.57,4.9697
2.58,4.9461
2.59,4.9215
2.6,4.896
2.61,4.8695
2.62,4.8421
2.63,4.8137
2.64,4.7844
2.65,4.7541
2.66,4.7229
2.67,4.6908
2.68,4.6578
2.69,4.6238
2.7,4.5888
2.71,4.553
2.72,4.5162
2.73,4.4785
2.74,4.4399
2.75,4.4004
2.76,4.36
2.77,4.3187
2.78,4.2765
2.79,4.2334
2.8,4.1894
2.81,4.1445
2.82,4.0988
2.83,4.0522
2.84,4.0048
2.85,3.9565
2.86,3.9074
2.87,3.8574
2.88,3.8066
2.89,3.7549
2.9,3.7025
2.91,3.6493
2.92,3.5952
2.93,3.5404
2.94,3.4848
2.95,3.4284
2.96,3.3712
2.97,3.3133
2.98,3.2547
2.99,3.1953
3,3.1352
3.01,3.0744
3.02,3.0129
3.03,2.9507
3.04,2.8878
3.05,2.8243
3.06,2.7601
3.07,2.6952
3.08,2.6297
3.09,2.5636
3.1,2.4969
3.11,2.4296
3.12,2.3616
3.13,2.2931
3.14,2.2241
3.15,2.1545
3.16,2.0843
3.17,2.0137
3.18,1.9425
3.19,1.8708
3.2,1.7987
3.21,1.726
3.22,1.6529
3.23,1.5794
3.24,1.5054
3.25,1.4311
3.26,1.3563
3.27,1.2811
3.28,1.2056
3.29,1.1297
3.3,1.0534
3.31,0.97688
3.32,0.9
3.33,0.82282
3.34,0.74536
3.35,0.66763
3.36,0.58965
3.37,0.51143
3.38,0.43299
3.39,0.35434
3.4,0.2755
3.41,0.19648
3.42,0.11731
3.43,0.037992
3.44,-0.041455
3.45,-0.12101
3.46,-0.20067
3.47,-0.2804
3.48,-0.3602
3.49,-0.44005
3.5,-0.51993
3.51,-0.59983
3.52,-0.67973
3.53,-0.75961
3.54,-0.83946
3.55,-0.91926
3.56,-0.99899
3.57,-1.0786
3.58,-1.1582
3.59,-1.2377
3.6,-1.317
3.61,-1.3961
3.62,-1.4752
3.63,-1.554
3.64,-1.6326
3.65,-1.7111
3.66,-1.7893
3.67,-1.8672
3.68,-1.9449
3.69,-2.0224
3.7,-2.0995
3.71,-2.1764
3.72,-2.2529
3.73,-2.3291
3.74,-2.4049
3.75,-2.4804
3.76,-2.5555
3.77,-2.6302
3.78,-2.7045
3.79,-2.7783
3.8,-2.8517
3.81,-2.9247
3.82,-2.9971
3.83,-3.0691
3.84,-3.1406
3.85,-3.2116
3.86,-3.282
3.87,-3.3519
3.88,-3.4213
3.89,-3.49
3.9,-3.5582
3.91,-3.6258
3.92,-3.6927
3.93,-3.7591
3.94,-3.8248
3.95,-3.8898
3.96,-3.9542
3.97,-4.0179
3.98,-4.0808
3.99,-4.1431
4,-4.2047
4.01,-4.2655
4.02,-4.3256
4.03,-4.385
4.04,-4.4435
4.05,-4.5013
4.06,-4.5583
4.07,-4.6145
4.08,-4.6699
4.09,-4.7245
4.1,-4.7782
4.11,-4.8311
4.12,-4.8831
4.13,-4.9342
4.14,-4.9845
4.15,-5.0339
4.16,-5.0824
4.17,-5.13
4.18,-5.1767
4.19,-5.2225
4.2,-5.2673
4.21,-5.3112
4.22,-5.3542
4.23,-5.3962
4.24,-5.4372
4.25,-5.4773
4.26,-5.5164
4.27,-5.5545
4.28,-5.5916
4.29,-5.6277
4.3,-5.6628
4.31,-5.6969
4.32,-5.73
4.33,-5.762
4.34,-5.7931
4.35,-5.8231
4.36,-5.852
4.37,-5.8799
4.38,-5.9068
4.39,-5.9326
4.4,-5.9574
4.41,-5.981
4.42,-6.0037
4.43,-6.0252
4.44,-6.0457
4.45,-6.0652
4.46,-6.0835
4.47,-6.1008
4.48,-6.117
4.49,-6.1321
4.5,-6.1461
4.51,-6.159
4.52,-6.1709
4.53,-6.1816
4.54,-6.1913
4.55,-6.1999
4.56,-6.2074
4.57,-6.2138
4.58,-6.2192
4.59,-6.2234
4.6,-6.2266
4.61,-6.2286
4.62,-6.2296
4.63,-6.2295
4.64,-6.2284
4.65,-6.2261
4.66,-6.2228
4.67,-6.2184
4.68,-6.2129
4.69,-6.2064
4.7,-6.1988
4.71,-6.1901
4.72,-6.1804
4.73,-6.1696
4.74,-6.1578
4.75,-6.145
4.76,-6.1311
4.77,-6.1161
4.78,-6.1002
4.79,-6.0832
4.8,-6.0652
4.81,-6.0462
4.82,-6.0261
4.83,-6.0051
4.84,-5.9831
4.85,-5.9601
4.86,-5.9361
4.87,-5.9112
4.88,-5.8852
4.89,-5.8584
4.9,-5.8305
4.91,-5.8018
4.92,-5.7721
4.93,-5.7414
4.94,-5.7099
4.95,-5.6774
4.96,-5.6441
4.97,-5.6098
4.98,-5.5747
4.99,-5.5387
5,-5.5018
5.01,-5.4641
5.02,-5.4256
5.03,-5.3862
5.04,-5.3459
5.05,-5.3049
5.06,-5.2631
5.07,-5.2205
5.08,-5.1771
5.09,-5.1329
5.1,-5.088
5.11,-5.0423
5.12,-4.9959
5.13,-4.9488
5.14,-4.901
5.15,-4.8524
5.16,-4.8032
5.17,-4.7533
5.18,-4.7028
5.19,-4.6515
5.2,-4.5997
5.21,-4.5472
5.22,-4.4941
5.23,-4.4405
5.24,-4.3862
5.25,-4.3313
5.26,-4.2759
5.27,-4.22
5.28,-4.1635
5.29,-4.1065
5.3,-4.049
5.31,-3.991
5.32,-3.9325
5.33,-3.8736
5.34,-3.8142
5.35,-3.7543
5.36,-3.6941
5.37,-3.6334
5.38,-3.5723
5.39,-3.5109
5.4,-3.449
5.41,-3.3869
5.42,-3.3243
5.43,-3.2615
5.44,-3.1984
5.45,-3.1349
5.46,-3.0712
5.47,-3.0072
5.48,-2.9429
5.49,-2.8784
5.5,-2.8137
5.51,-2.7488
5.52,-2.6836
5.53,-2.6183
5.54,-2.5528
5.55,-2.4872
5.56,-2.4214
5.57,-2.3555
5.58,-2.2895
5.59,-2.2234
5.6,-2.1572
5.61,-2.0909
5.62,-2.0246
5.63,-1.9582
5.64,-1.8918
5.65,-1.8254
5.66,-1.759
5.67,-1.6926
5.68,-1.6262
5.69,-1.5599
5.7,-1.4937
5.71,-1.4275
5.72,-1.3613
5.73,-1.2953
5.74,-1.2294
5.75,-1.1636
5.76,-1.098
5.77,-1.0325
5.78,-0.96713
5.79,-0.90196
5.8,-0.83698
5.81,-0.7722
5.82,-0.70763
5.83,-0.64329
5.84,-0.57918
5.85,-0.51533
5.86,-0.45174
5.87,-0.38842
5.88,-0.32538
5.89,-0.26265
5.9,-0.20022
5.91,-0.13811
5.92,-0.07634
5.93,-0.014909
5.94,0.046167
5.95,0.10688
5.96,0.16721
5.97,0.22716
5.98,0.28671
5.99,0.34585
6,0.40457
6.01,0.46287
6.02,0.52073
6.03,0.57814
6.04,0.63509
6.05,0.69157
6.06,0.74758
6.07,0.80311
6.08,0.85813
6.09,0.91266
6.1,0.96668
6.11,1.0202
6.12,1.0731
6.13,1.1256
6.14,1.1774
6.15,1.2288
6.16,1.2796
6.17,1.3298
6.18,1.3794
6.19,1.4284
6.2,1.4769
6.21,1.5248
6.22,1.572
6.23,1.6187
6.24,1.6648
6.25,1.7102
6.26,1.755
6.27,1.7992
6.28,1.8427
6.29,1.8856
6.3,1.9278
6.31,1.9694
6.32,2.0104
6.33,2.0507
6.34,2.0903
6.35,2.1292
6.36,2.1675
6.37,2.2051
6.38,2.2421
6.39,2.2783
6.4,2.3139
6.41,2.3488
6.42,2.383
6.43,2.4165
6.44,2.4493
6.45,2.4814
6.46,2.5128
6.47,2.5435
6.48,2.5735
6.49,2.6029
6.5,2.6315
6.51,2.6594
6.52,2.6866
6.53,2.7131
6.54,2.7389
6.55,2.764
6.56,2.7884
6.57,2.812
6.58,2.835
6.59,2.8573
6.6,2.8789
6.61,2.8998
6.62,2.9199
6.63,2.9394
6.64,2.9582
6.65,2.9763
6.66,2.9937
6.67,3.0104
6.68,3.0264
6.69,3.0418
6.7,3.0564
6.71,3.0704
6.72,3.0837
6.73,3.0963
6.74,3.1083
6.75,3.1195
6.76,3.1302
6.77,3.1401
6.78,3.1495
6.79,3.1581
6.8,3.1661
6.81,3.1735
6.82,3.1802
6.83,3.1863
6.84,3.1918
6.85,3.1967
6.86,3.2009
6.87,3.2046
6.88,3.2076
6.89,3.21
6.9,3.2118
6.91,3.2131
6.92,3.2137
6.93,3.2138
6.94,3.2133
6.95,3.2122
6.96,3.2106
6.97,3.2085
6.98,3.2058
6.99,3.2025
7,3.1987
7.01,3.1945
7.02,3.1896
7.03,3.1843
7.04,3.1785
7.05,3.1722
7.06,3.1654
7.07,3.1581
7.08,3.1503
7.09,3.1421
7.1,3.1334
7.11,3.1243
7.12,3.1148
7.13,3.1048
7.14,3.0944
7.15,3.0835
7.16,3.0723
7.17,3.0607
7.18,3.0486
7.19,3.0362
7.2,3.0234
7.21,3.0103
7.22,2.9968
7.23,2.983
7.24,2.9688
7.25,2.9543
7.26,2.9394
7.27,2.9243
7.28,2.9088
7.29,2.8931
7.3,2.877
7.31,2.8607
7.32,2.8441
7.33,2.8273
7.34,2.8102
7.35,2.7929
7.36,2.7753
7.37,2.7575
7.38,2.7395
7.39,2.7213
7.4,2.7029
7.41,2.6843
7.42,2.6655
7.43,2.6466
7.44,2.6275
7.45,2.6082
7.46,2.5888
7.47,2.5693
7.48,2.5496
7.49,2.5298
7.5,2.5099
7.51,2.4899
7.52,2.4698
7.53,2.4496
7.54,2.4294
7.55,2.409
7.56,2.3887
7.57,2.3682
7.58,2.3478
7.59,2.3272
7.6,2.3067
7.61,2.2861
7.62,2.2656
7.63,2.245
7.64,2.2244
7.65,2.2039
7.66,2.1834
7.67,2.1629
7.68,2.1424
7.69,2.122
7.7,2.1016
7.71,2.0813
7.72,2.061
7.73,2.0408
7.74,2.0207
7.75,2.0007
7.76,1.9808
7.77,1.9609
7.78,1.9412
7.79,1.9216
7.8,1.9021
7.81,1.8827
7.82,1.8635
7.83,1.8444
7.84,1.8254
7.85,1.8066
7.86,1.7879
7.87,1.7694
7.88,1.751
7.89,1.7329
7.9,1.7149
7.91,1.6971
7.92,1.6794
7.93,1.662
7.94,1.6447
7.95,1.6277
7.96,1.6108
7.97,1.5942
7.98,1.5777
7.99,1.5615
8,1.5455
8.01,1.5297
8.02,1.5142
8.03,1.4988
8.04,1.4837
8.05,1.4689
8.06,1.4543
8.07,1.4399
8.08,1.4257
8.09,1.4119
8.1,1.3982
8.11,1.3848
8.12,1.3717
8.13,1.3588
8.14,1.3462
8.15,1.3339
8.16,1.3218
8.17,1.3099
8.18,1.2984
8.19,1.287
8.2,1.276
8.21,1.2652
8.22,1.2547
8.23,1.2445
8.24,1.2345
8.25,1.2248
8.26,1.2154
8.27,1.2062
8.28,1.1974
8.29,1.1887
8.3,1.1804
8.31,1.1723
8.32,1.1645
8.33,1.1569
8.34,1.1496
8.35,1.1426
8.36,1.1359
8.37,1.1294
8.38,1.1231
8.39,1.1171
8.4,1.1114
8.41,1.106
8.42,1.1007
8.43,1.0958
8.44,1.0911
8.45,1.0866
8.46,1.0824
8.47,1.0784
8.48,1.0747
8.49,1.0712
8.5,1.0679
8.51,1.0648
8.52,1.062
8.53,1.0594
8.54,1.0571
8.55,1.0549
8.56,1.053
8.57,1.0512
8.58,1.0497
8.59,1.0483
8.6,1.0472
8.61,1.0463
8.62,1.0455
8.63,1.0449
8.64,1.0445
8.65,1.0443
8.66,1.0443
8.67,1.0444
8.68,1.0447
8.69,1.0451
8.7,1.0457
8.71,1.0464
8.72,1.0473
8.73,1.0483
8.74,1.0494
8.75,1.0506
8.76,1.052
8.77,1.0535
8.78,1.0551
8.79,1.0568
8.8,1.0586
8.81,1.0604
8.82,1.0624
8.83,1.0644
8.84,1.0665
8.85,1.0687
8.86,1.071
8.87,1.0732
8.88,1.0756
8.89,1.078
8.9,1.0804
8.91,1.0828
8.92,1.0853
8.93,1.0878
8.94,1.0903
8.95,1.0928
8.96,1.0952
8.97,1.0977
8.98,1.1002
8.99,1.1026
9,1.1051
9.01,1.1074
9.02,1.1098
9.03,1.1121
9.04,1.1143
9.05,1.1165
9.06,1.1186
9.07,1.1206
9.08,1.1226
9.09,1.1245
9.1,1.1262
9.11,1.1279
9.12,1.1295
9.13,1.1309
9.14,1.1323
9.15,1.1335
9.16,1.1346
9.17,1.1355
9.18,1.1363
9.19,1.137
9.2,1.1375
9.21,1.1378
9.22,1.1379
9.23,1.1379
9.24,1.1377
9.25,1.1373
9.26,1.1368
9.27,1.136
9.28,1.135
9.29,1.1338
9.3,1.1324
9.31,1.1308
9.32,1.1289
9.33,1.1268
9.34,1.1245
9.35,1.122
9.36,1.1191
9.37,1.1161
9.38,1.1127
9.39,1.1092
9.4,1.1053
9.41,1.1012
9.42,1.0967
9.43,1.0921
9.44,1.0871
9.45,1.0818
9.46,1.0762
9.47,1.0704
9.48,1.0642
9.49,1.0577
9.5,1.0509
9.51,1.0438
9.52,1.0364
9.53,1.0286
9.54,1.0205
9.55,1.0121
9.56,1.0033
9.57,0.99426
9.58,0.98483
9.59,0.97506
9.6,0.96494
9.61,0.95447
9.62,0.94365
9.63,0.93247
9.64,0.92094
9.65,0.90905
9.66,0.8968
9.67,0.88418
9.68,0.8712
9.69,0.85785
9.7,0.84414
9.71,0.83005
9.72,0.81559
9.73,0.80076
9.74,0.78556
9.75,0.76998
9.76,0.75403
9.77,0.7377
9.78,0.72099
9.79,0.70391
9.8,0.68644
9.81,0.66861
9.82,0.65039
9.83,0.6318
9.84,0.61283
9.85,0.59348
9.86,0.57375
9.87,0.55366
9.88,0.53318
9.89,0.51233
9.9,0.49111
9.91,0.46952
9.92,0.44756
9.93,0.42523
9.94,0.40254
9.95,0.37947
9.96,0.35605
9.97,0.33227
9.98,0.30812
9.99,0.28362
10,0.25877
10.01,0.23356
10.02,0.20801
10.03,0.18211
10.04,0.15587
10.05,0.12929
10.06,0.10237
10.07,0.075126
10.08,0.047549
10.09,0.019646
10.1,-0.0085771
10.11,-0.037118
10.12,-0.065972
10.13,-0.095134
10.14,-0.1246
10.15,-0.15437
10.16,-0.18443
10.17,-0.21478
10.18,-0.24542
10.19,-0.27634
10.2,-0.30754
10.21,-0.339
10.22,-0.37073
10.23,-0.40272
10.24,-0.43496
10.25,-0.46745
10.26,-0.50019
10.27,-0.53316
10.28,-0.56636
10.29,-0.59978
10.3,-0.63342
10.31,-0.66728
10.32,-0.70133
10.33,-0.73559
10.34,-0.77004
10.35,-0.80467
10.36,-0.83948
10.37,-0.87446
10.38,-0.90961
10.39,-0.94491
10.4,-0.98036
10.41,-1.016
10.42,-1.0517
10.43,-1.0875
10.44,-1.1235
10.45,-1.1596
10.46,-1.1958
10.47,-1.2321
10.48,-1.2685
10.49,-1.3049
10.5,-1.3414
10.51,-1.378
10.52,-1.4147
10.53,-1.4514
10.54,-1.4881
10.55,-1.5249
10.56,-1.5617
10.57,-1.5985
10.58,-1.6353
10.59,-1.6721
10.6,-1.7089
10.61,-1.7457
10.62,-1.7824
10.63,-1.8191
10.64,-1.8558
10.65,-1.8924
10.66,-1.929
10.67,-1.9654
10.68,-2.0018
10.69,-2.0381
10.7,-2.0743
10.71,-2.1104
10.72,-2.1464
10.73,-2.1823
10.74,-2.218
10.75,-2.2535
10.76,-2.289
10.77,-2.3242
10.78,-2.3593
10.79,-2.3942
10.8,-2.4289
10.81,-2.4634
10.82,-2.4977
10.83,-2.5318
10.84,-2.5657
10.85,-2.5993
10.86,-2.6327
10.87,-2.6659
10.88,-2.6988
10.89,-2.7314
10.9,-2.7637
10.91,-2.7957
10.92,-2.8275
10.93,-2.8589
10.94,-2.8901
10.95,-2.9209
10.96,-2.9514
10.97,-2.9815
10.98,-3.0113
10.99,-3.0408
11,-3.0698
11.01,-3.0985
11.02,-3.1269
11.03,-3.1548
11.04,-3.1823
11.05,-3.2095
11.06,-3.2362
11.07,-3.2625
11.08,-3.2884
11.09,-3.3138
11.1,-3.3388
11.11,-3.3634
11.12,-3.3874
11.13,-3.4111
11.14,-3.4342
11.15,-3.4569
11.16,-3.4791
11.17,-3.5008
11.18,-3.5219
11.19,-3.5426
11.2,-3.5628
11.21,-3.5824
11.22,-3.6015
11.23,-3.6201
11.24,-3.6382
11.25,-3.6556
11.26,-3.6726
11.27,-3.689
11.28,-3.7048
11.29,-3.72
11.3,-3.7347
11.31,-3.7488
11.32,-3.7623
11.33,-3.7752
11.34,-3.7875
11.35,-3.7992
11.36,-3.8104
11.37,-3.8209
11.38,-3.8307
11.39,-3.84
11.4,-3.8486
11.41,-3.8567
11.42,-3.864
11.43,-3.8708
11.44,-3.8769
11.45,-3.8823
11.46,-3.8872
11.47,-3.8913
11.48,-3.8948
11.49,-3.8977
11.5,-3.8999
11.51,-3.9014
11.52,-3.9023
11.53,-3.9025
11.54,-3.9021
11.55,-3.9009
11.56,-3.8991
11.57,-3.8967
11.58,-3.8935
11.59,-3.8897
11.6,-3.8852
11.61,-3.88
11.62,-3.8741
11.63,-3.8676
11.64,-3.8604
11.65,-3.8525
11.66,-3.8439
11.67,-3.8346
11.68,-3.8246
11.69,-3.814
11.7,-3.8027
11.71,-3.7907
11.72,-3.778
11.73,-3.7647
11.74,-3.7506
11.75,-3.7359
11.76,-3.7205
11.77,-3.7045
11.78,-3.6878
11.79,-3.6704
11.8,-3.6523
11.81,-3.6335
11.82,-3.6141
11.83,-3.5941
11.84,-3.5734
11.85,-3.552
11.86,-3.53
11.87,-3.5073
11.88,-3.4839
11.89,-3.46
11.9,-3.4354
11.91,-3.4101
11.92,-3.3842
11.93,-3.3577
11.94,-3.3306
11.95,-3.3028
11.96,-3.2745
11.97,-3.2455
11.98,-3.2159
11.99,-3.1857
12,-3.1549
12.01,-3.1236
12.02,-3.0916
12.03,-3.0591
12.04,-3.026
12.05,-2.9923
12.06,-2.9581
12.07,-2.9233
12.08,-2.8879
12.09,-2.852
12.1,-2.8156
12.11,-2.7787
12.12,-2.7412
12.13,-2.7032
12.14,-2.6647
12.15,-2.6257
12.16,-2.5862
12.17,-2.5462
12.18,-2.5057
12.19,-2.4648
12.2,-2.4234
12.21,-2.3815
12.22,-2.3392
12.23,-2.2964
12.24,-2.2532
12.25,-2.2096
12.26,-2.1656
12.27,-2.1212
12.28,-2.0763
12.29,-2.0311
12.3,-1.9855
12.31,-1.9395
12.32,-1.8931
12.33,-1.8464
12.34,-1.7994
12.35,-1.752
12.36,-1.7043
12.37,-1.6563
12.38,-1.6079
12.39,-1.5593
12.4,-1.5103
12.41,-1.4611
12.42,-1.4117
12.43,-1.3619
12.44,-1.3119
12.45,-1.2617
12.46,-1.2112
12.47,-1.1605
12.48,-1.1096
12.49,-1.0586
12.5,-1.0073
12.51,-0.9558
12.52,-0.90417
12.53,-0.85237
12.54,-0.80043
12.55,-0.74835
12.56,-0.69614
12.57,-0.64381
12.58,-0.59137
12.59,-0.53883
12.6,-0.48621
12.61,-0.43352
12.62,-0.38076
12.63,-0.32794
12.64,-0.27508
12.65,-0.22218
12.66,-0.16926
12.67,-0.11633
12.68,-0.063399
12.69,-0.010474
12.7,0.042432
12.71,0.095308
12.72,0.14814
12.73,0.20093
12.74,0.25365
12.75,0.30631
12.76,0.35888
12.77,0.41135
12.78,0.46373
12.79,0.51599
12.8,0.56813
12.81,0.62013
12.82,0.67199
12.83,0.72369
12.84,0.77523
12.85,0.82659
12.86,0.87777
12.87,0.92875
12.88,0.97953
12.89,1.0301
12.9,1.0804
12.91,1.1305
12.92,1.1804
12.93,1.23
12.94,1.2793
12.95,1.3284
12.96,1.3772
12.97,1.4256
12.98,1.4738
12.99,1.5217
13,1.5693
13.01,1.6165
13.02,1.6634
13.03,1.7099
13.04,1.7561
13.05,1.8019
13.06,1.8473
13.07,1.8924
13.08,1.937
13.09,1.9813
13.1,2.0252
13.11,2.0686
13.12,2.1116
13.13,2.1542
13.14,2.1963
13.15,2.238
13.16,2.2793
13.17,2.32
13.18,2.3603
13.19,2.4002
13.2,2.4395
13.21,2.4783
13.22,2.5167
13.23,2.5545
13.24,2.5919
13.25,2.6287
13.26,2.665
13.27,2.7007
13.28,2.7359
13.29,2.7706
13.3,2.8047
13.31,2.8383
13.32,2.8713
13.33,2.9037
13.34,2.9356
13.35,2.9669
13.36,2.9976
13.37,3.0277
13.38,3.0572
13.39,3.0861
13.4,3.1144
13.41,3.1421
13.42,3.1693
13.43,3.1957
13.44,3.2216
13.45,3.2469
13.46,3.2715
13.47,3.2955
13.48,3.3188
13.49,3.3416
13.5,3.3637
13.51,3.3851
13.52,3.4059
13.53,3.4261
13.54,3.4456
13.55,3.4644
13.56,3.4826
13.57,3.5002
13.58,3.5171
13.59,3.5333
13.6,3.5489
13.61,3.5638
13.62,3.578
13.63,3.5916
13.64,3.6045
13.65,3.6168
13.66,3.6284
13.67,3.6393
13.68,3.6496
13.69,3.6591
13.7,3.6681
13.71,3.6763
13.72,3.6839
13.73,3.6908
13.74,3.6971
13.75,3.7027
13.76,3.7076
13.77,3.7119
13.78,3.7155
13.79,3.7185
13.8,3.7208
13.81,3.7224
13.82,3.7234
13.83,3.7237
13.84,3.7234
13.85,3.7224
13.86,3.7208
13.87,3.7186
13.88,3.7157
13.89,3.7122
13.9,3.708
13.91,3.7032
13.92,3.6978
13.93,3.6918
13.94,3.6851
13.95,3.6779
13.96,3.67
13.97,3.6615
13.98,3.6524
13.99,3.6427
14,3.6324
14.01,3.6215
14.02,3.61
14.03,3.598
14.04,3.5853
14.05,3.5721
14.06,3.5584
14.07,3.544
14.08,3.5291
14.09,3.5137
14.1,3.4977
14.11,3.4812
14.12,3.4641
14.13,3.4465
14.14,3.4284
14.15,3.4098
14.16,3.3907
14.17,3.371
14.18,3.3509
14.19,3.3302
14.2,3.3091
14.21,3.2875
14.22,3.2655
14.23,3.2429
14.24,3.2199
14.25,3.1965
14.26,3.1726
14.27,3.1483
14.28,3.1236
14.29,3.0984
14.3,3.0728
14.31,3.0468
14.32,3.0204
14.33,2.9936
14.34,2.9665
14.35,2.9389
14.36,2.911
14.37,2.8827
14.38,2.8541
14.39,2.8251
14.4,2.7958
14.41,2.7661
14.42,2.7362
14.43,2.7059
14.44,2.6753
14.45,2.6444
14.46,2.6132
14.47,2.5818
14.48,2.5501
14.49,2.5181
14.5,2.4858
14.51,2.4533
14.52,2.4206
14.53,2.3876
14.54,2.3544
14.55,2.321
14.56,2.2874
14.57,2.2536
14.58,2.2196
14.59,2.1854
14.6,2.151
14.61,2.1165
14.62,2.0818
14.63,2.047
14.64,2.012
14.65,1.9769
14.66,1.9417
14.67,1.9064
14.68,1.8709
14.69,1.8354
14.7,1.7998
14.71,1.764
14.72,1.7283
14.73,1.6924
14.74,1.6565
14.75,1.6206
14.76,1.5846
14.77,1.5486
14.78,1.5125
14.79,1.4765
14.8,1.4404
14.81,1.4043
14.82,1.3683
14.83,1.3322
14.84,1.2962
14.85,1.2602
14.86,1.2243
14.87,1.1884
14.88,1.1526
14.89,1.1168
14.9,1.0811
14.91,1.0454
14.92,1.0099
14.93,0.97443
14.94,0.93908
14.95,0.90383
14.96,0.86869
14.97,0.83368
14.98,0.79879
14.99,0.76404
15,0.72943
15.01,0.69496
15.02,0.66065
15.03,0.6265
15.04,0.59252
15.05,0.55872
15.06,0.52509
15.07,0.49165
15.08,0.4584
15.09,0.42535
15.1,0.39251
15.11,0.35987
15.12,0.32746
15.13,0.29526
15.14,0.26329
15.15,0.23155
15.16,0.20006
15.17,0.1688
15.18,0.13779
15.19,0.10704
15.2,0.076547
15.21,0.046316
15.22,0.016353
15.23,-0.013338
15.24,-0.042751
15.25,-0.071882
15.26,-0.10073
15.27,-0.12928
15.28,-0.15754
15.29,-0.18551
15.3,-0.21317
15.31,-0.24052
15.32,-0.26757
15.33,-0.2943
15.34,-0.32072
15.35,-0.34681
15.36,-0.37259
15.37,-0.39803
15.38,-0.42315
15.39,-0.44794
15.4,-0.47239
15.41,-0.49651
15.42,-0.52028
15.43,-0.54372
15.44,-0.5668
15.45,-0.58955
15.46,-0.61194
15.47,-0.63399
15.48,-0.65568
15.49,-0.67702
15.5,-0.698
15.51,-0.71863
15.52,-0.73889
15.53,-0.7588
15.54,-0.77835
15.55,-0.79754
15.56,-0.81636
15.57,-0.83483
15.58,-0.85293
15.59,-0.87066
15.6,-0.88803
15.61,-0.90504
15.62,-0.92168
15.63,-0.93795
15.64,-0.95386
15.65,-0.96941
15.66,-0.98459
15.67,-0.9994
15.68,-1.0139
15.69,-1.0279
15.7,-1.0417
15.71,-1.055
15.72,-1.068
15.73,-1.0807
15.74,-1.093
15.75,-1.1049
15.76,-1.1165
15.77,-1.1277
15.78,-1.1386
15.79,-1.1491
15.8,-1.1593
15.81,-1.1691
15.82,-1.1786
15.83,-1.1877
15.84,-1.1965
15.85,-1.2049
15.86,-1.213
15.87,-1.2208
15.88,-1.2283
15.89,-1.2354
15.9,-1.2422
15.91,-1.2486
15.92,-1.2548
15.93,-1.2606
15.94,-1.2661
15.95,-1.2713
15.96,-1.2762
15.97,-1.2808
15.98,-1.2851
15.99,-1.289
16,-1.2927
16.01,-1.2961
16.02,-1.2992
16.03,-1.302
16.04,-1.3046
16.05,-1.3068
16.06,-1.3088
16.07,-1.3106
16.08,-1.312
16.09,-1.3132
16.1,-1.3141
16.11,-1.3148
16.12,-1.3153
16.13,-1.3154
16.14,-1.3154
16.15,-1.3151
16.16,-1.3146
16.17,-1.3138
16.18,-1.3129
16.19,-1.3117
16.2,-1.3103
16.21,-1.3087
16.22,-1.3069
16.23,-1.3049
16.24,-1.3026
16.25,-1.3003
16.26,-1.2977
16.27,-1.2949
16.28,-1.292
16.29,-1.2889
16.3,-1.2856
16.31,-1.2821
16.32,-1.2786
16.33,-1.2748
16.34,-1.2709
16.35,-1.2669
16.36,-1.2627
16.37,-1.2584
16.38,-1.254
16.39,-1.2495
16.4,-1.2448
16.41,-1.24
16.42,-1.2351
16.43,-1.2302
16.44,-1.2251
16.45,-1.2199
16.46,-1.2147
16.47,-1.2093
16.48,-1.2039
16.49,-1.1984
16.5,-1.1929
16.51,-1.1872
16.52,-1.1816
16.53,-1.1758
16.54,-1.1701
16.55,-1.1643
16.56,-1.1584
16.57,-1.1525
16.58,-1.1466
16.59,-1.1407
16.6,-1.1347
16.61,-1.1288
16.62,-1.1228
16.63,-1.1168
16.64,-1.1108
16.65,-1.1048
16.66,-1.0989
16.67,-1.0929
16.68,-1.087
16.69,-1.081
16.7,-1.0751
16.71,-1.0693
16.72,-1.0634
16.73,-1.0577
16.74,-1.0519
16.75,-1.0462
16.76,-1.0405
16.77,-1.0349
16.78,-1.0294
16.79,-1.0239
16.8,-1.0185
16.81,-1.0132
16.82,-1.0079
16.83,-1.0027
16.84,-0.99759
16.85,-0.99255
16.86,-0.98761
16.87,-0.98275
16.88,-0.97799
16.89,-0.97332
16.9,-0.96875
16.91,-0.96428
16.92,-0.95992
16.93,-0.95567
16.94,-0.95152
16.95,-0.94749
16.96,-0.94358
16.97,-0.93978
16.98,-0.93611
16.99,-0.93255
17,-0.92913
17.01,-0.92583
17.02,-0.92265
17.03,-0.91962
17.04,-0.91671
17.05,-0.91394
17.06,-0.91131
17.07,-0.90881
17.08,-0.90646
17.09,-0.90425
17.1,-0.90218
17.11,-0.90026
17.12,-0.89848
17.13,-0.89685
17.14,-0.89537
17.15,-0.89403
17.16,-0.89285
17.17,-0.89182
17.18,-0.89094
17.19,-0.89021
17.2,-0.88964
17.21,-0.88922
17.22,-0.88895
17.23,-0.88884
17.24,-0.88888
17.25,-0.88907
17.26,-0.88942
17.27,-0.88993
17.28,-0.89058
17.29,-0.8914
17.3,-0.89236
17.31,-0.89348
17.32,-0.89475
17.33,-0.89618
17.34,-0.89775
17.35,-0.89948
17.36,-0.90135
17.37,-0.90338
17.38,-0.90555
17.39,-0.90787
17.4,-0.91033
17.41,-0.91294
17.42,-0.91569
17.43,-0.91858
17.44,-0.92162
17.45,-0.92479
17.46,-0.92809
17.47,-0.93154
17.48,-0.93511
17.49,-0.93882
17.5,-0.94265
17.51,-0.94661
17.52,-0.9507
17.53,-0.95491
17.54,-0.95924
17.55,-0.96368
17.56,-0.96825
17.57,-0.97292
17.58,-0.97771
17.59,-0.9826
17.6,-0.9876
17.61,-0.9927
17.62,-0.9979
17.63,-1.0032
17.64,-1.0086
17.65,-1.0141
17.66,-1.0196
17.67,-1.0253
17.68,-1.031
17.69,-1.0368
17.7,-1.0427
17.71,-1.0486
17.72,-1.0547
17.73,-1.0607
17.74,-1.0669
17.75,-1.0731
17.76,-1.0793
17.77,-1.0856
17.78,-1.092
17.79,-1.0983
17.8,-1.1048
17.81,-1.1112
17.82,-1.1177
17.83,-1.1242
17.84,-1.1307
17.85,-1.1373
17.86,-1.1439
17.87,-1.1504
17.88,-1.157
17.89,-1.1636
17.9,-1.1701
17.91,-1.1767
17.92,-1.1833
17.93,-1.1898
17.94,-1.1963
17.95,-1.2028
17.96,-1.2093
17.97,-1.2157
17.98,-1.2221
17.99,-1.2284
18,-1.2347
18.01,-1.241
18.02,-1.2472
18.03,-1.2533
18.04,-1.2593
18.05,-1.2653
18.06,-1.2713
18.07,-1.2771
18.08,-1.2829
18.09,-1.2885
18.1,-1.2941
18.11,-1.2996
18.12,-1.305
18.13,-1.3103
18.14,-1.3154
18.15,-1.3205
18.16,-1.3254
18.17,-1.3302
18.18,-1.3349
18.19,-1.3395
18.2,-1.3439
18.21,-1.3482
18.22,-1.3523
18.23,-1.3563
18.24,-1.3601
18.25,-1.3638
18.26,-1.3673
18.27,-1.3706
18.28,-1.3738
18.29,-1.3768
18.3,-1.3796
18.31,-1.3823
18.32,-1.3847
18.33,-1.387
18.34,-1.389
18.35,-1.3909
18.36,-1.3926
18.37,-1.394
18.38,-1.3953
18.39,-1.3963
18.4,-1.3972
18.41,-1.3978
18.42,-1.3981
18.43,-1.3983
18.44,-1.3982
18.45,-1.3979
18.46,-1.3973
18.47,-1.3966
18.48,-1.3955
18.49,-1.3942
18.5,-1.3927
18.51,-1.3909
18.52,-1.3889
18.53,-1.3866
18.54,-1.384
18.55,-1.3812
18.56,-1.3781
18.57,-1.3747
18.58,-1.3711
18.59,-1.3672
18.6,-1.363
18.61,-1.3585
18.62,-1.3538
18.63,-1.3488
18.64,-1.3435
18.65,-1.3379
18.66,-1.332
18.67,-1.3258
18.68,-1.3193
18.69,-1.3125
18.7,-1.3055
18.71,-1.2981
18.72,-1.2905
18.73,-1.2825
18.74,-1.2742
18.75,-1.2657
18.76,-1.2568
18.77,-1.2476
18.78,-1.2382
18.79,-1.2284
18.8,-1.2183
18.81,-1.2079
18.82,-1.1972
18.83,-1.1862
18.84,-1.1749
18.85,-1.1632
18.86,-1.1513
18.87,-1.139
18.88,-1.1265
18.89,-1.1136
18.9,-1.1005
18.91,-1.087
18.92,-1.0732
18.93,-1.0591
18.94,-1.0447
18.95,-1.03
18.96,-1.015
18.97,-0.99968
18.98,-0.98407
18.99,-0.96815
19,-0.95193
19.01,-0.93542
19.02,-0.9186
19.03,-0.9015
19.04,-0.88409
19.05,-0.8664
19.06,-0.84841
19.07,-0.83013
19.08,-0.81157
19.09,-0.79272
19.1,-0.77359
19.11,-0.75418
19.12,-0.73449
19.13,-0.71452
19.14,-0.69428
19.15,-0.67377
19.16,-0.653
19.17,-0.63195
19.18,-0.61065
19.19,-0.58908
19.2,-0.56726
19.21,-0.54519
19.22,-0.52286
19.23,-0.50029
19.24,-0.47748
19.25,-0.45443
19.26,-0.43114
19.27,-0.40762
19.28,-0.38387
19.29,-0.35989
19.3,-0.3357
19.31,-0.31128
19.32,-0.28666
19.33,-0.26182
19.34,-0.23679
19.35,-0.21155
19.36,-0.18611
19.37,-0.16049
19.38,-0.13468
19.39,-0.10868
19.4,-0.082508
19.41,-0.056163
19.42,-0.02965
19.43,-0.0029737
19.44,0.023861
19.45,0.050849
19.46,0.077985
19.47,0.10526
19.48,0.13268
19.49,0.16023
19.5,0.18791
19.51,0.21571
19.52,0.24362
19.53,0.27165
19.54,0.29978
19.55,0.32802
19.56,0.35634
19.57,0.38476
19.58,0.41326
19.59,0.44184
19.6,0.47048
19.61,0.4992
19.62,0.52797
19.63,0.5568
19.64,0.58568
19.65,0.61459
19.66,0.64355
19.67,0.67253
19.68,0.70154
19.69,0.73056
19.7,0.7596
19.71,0.78864
19.72,0.81769
19.73,0.84672
19.74,0.87574
19.75,0.90475
19.76,0.93372
19.77,0.96267
19.78,0.99157
19.79,1.0204
19.8,1.0492
19.81,1.078
19.82,1.1067
19.83,1.1353
19.84,1.1639
19.85,1.1923
19.86,1.2207
19.87,1.249
19.88,1.2771
19.89,1.3052
19.9,1.3332
19.91,1.361
19.92,1.3887
19.93,1.4163
19.94,1.4437
19.95,1.471
19.96,1.4981
19.97,1.5251
19.98,1.5519
19.99,1.5786
20,1.605
20.01,1.6313
20.02,1.6574
20.03,1.6833
20.04,1.709
20.05,1.7345
20.06,1.7597
20.07,1.7848
20.08,1.8096
20.09,1.8342
20.1,1.8586
20.11,1.8827
20.12,1.9066
20.13,1.9302
20.14,1.9535
20.15,1.9766
20.16,1.9994
20.17,2.022
20.18,2.0442
20.19,2.0662
20.2,2.0879
20.21,2.1093
20.22,2.1304
20.23,2.1511
20.24,2.1716
20.25,2.1917
20.26,2.2115
20.27,2.231
20.28,2.2502
20.29,2.269
20.3,2.2874
20.31,2.3055
20.32,2.3233
20.33,2.3407
20.34,2.3578
20.35,2.3745
20.36,2.3908
20.37,2.4067
20.38,2.4223
20.39,2.4374
20.4,2.4522
20.41,2.4666
20.42,2.4806
20.43,2.4943
20.44,2.5075
20.45,2.5203
20.46,2.5327
20.47,2.5446
20.48,2.5562
20.49,2.5674
20.5,2.5781
20.51,2.5884
20.52,2.5983
20.53,2.6077
20.54,2.6167
20.55,2.6253
20.56,2.6335
20.57,2.6412
20.58,2.6484
20.59,2.6553
20.6,2.6616
20.61,2.6676
20.62,2.673
20.63,2.6781
20.64,2.6826
20.65,2.6867
20.66,2.6904
20.67,2.6936
20.68,2.6963
20.69,2.6986
20.7,2.7004
20.71,2.7018
20.72,2.7027
20.73,2.7031
20.74,2.7031
20.75,2.7026
20.76,2.7016
20.77,2.7002
20.78,2.6983
20.79,2.6959
20.8,2.693
20.81,2.6897
20.82,2.686
20.83,2.6817
20.84,2.677
20.85,2.6719
20.86,2.6662
20.87,2.6602
20.88,2.6536
20.89,2.6466
20.9,2.6391
20.91,2.6312
20.92,2.6228
20.93,2.6139
20.94,2.6046
20.95,2.5949
20.96,2.5846
20.97,2.574
20.98,2.5629
20.99,2.5513
21,2.5393
21.01,2.5269
21.02,2.514
21.03,2.5007
21.04,2.4869
21.05,2.4727
21.06,2.4581
21.07,2.443
21.08,2.4276
21.09,2.4117
21.1,2.3954
21.11,2.3787
21.12,2.3615
21.13,2.344
21.14,2.326
21.15,2.3077
21.16,2.289
21.17,2.2698
21.18,2.2503
21.19,2.2304
21.2,2.2101
21.21,2.1894
21.22,2.1684
21.23,2.147
21.24,2.1252
21.25,2.1031
21.26,2.0806
21.27,2.0577
21.28,2.0345
21.29,2.011
21.3,1.9872
21.31,1.963
21.32,1.9384
21.33,1.9136
21.34,1.8884
21.35,1.8629
21.36,1.8372
21.37,1.8111
21.38,1.7847
21.39,1.758
21.4,1.7311
21.41,1.7038
21.42,1.6763
21.43,1.6486
21.44,1.6205
21.45,1.5922
21.46,1.5637
21.47,1.5349
21.48,1.5059
21.49,1.4766
21.5,1.4471
21.51,1.4174
21.52,1.3875
21.53,1.3574
21.54,1.3271
21.55,1.2965
21.56,1.2658
21.57,1.2349
21.58,1.2039
21.59,1.1726
21.6,1.1412
21.61,1.1096
21.62,1.0779
21.63,1.0461
21.64,1.0141
21.65,0.98195
21.66,0.9497
21.67,0.91733
21.68,0.88485
21.69,0.85227
21.7,0.81958
21.71,0.78681
21.72,0.75395
21.73,0.72102
21.74,0.68801
21.75,0.65494
21.76,0.62181
21.77,0.58864
21.78,0.55541
21.79,0.52215
21.8,0.48886
21.81,0.45555
21.82,0.42222
21.83,0.38887
21.84,0.35553
21.85,0.32219
21.86,0.28885
21.87,0.25553
21.88,0.22224
21.89,0.18898
21.9,0.15575
21.91,0.12256
21.92,0.089426
21.93,0.056345
21.94,0.023327
21.95,-0.0096218
21.96,-0.042495
21.97,-0.075287
21.98,-0.10799
21.99,-0.1406
22,-0.17311
22.01,-0.20551
22.02,-0.2378
22.03,-0.26996
22.04,-0.302
22.05,-0.33391
22.06,-0.36568
22.07,-0.39731
22.08,-0.42879
22.09,-0.46011
22.1,-0.49126
22.11,-0.52225
22.12,-0.55307
22.13,-0.58371
22.14,-0.61416
22.15,-0.64442
22.16,-0.67448
22.17,-0.70434
22.18,-0.73399
22.19,-0.76343
22.2,-0.79266
22.21,-0.82165
22.22,-0.85042
22.23,-0.87896
22.24,-0.90726
22.25,-0.93531
22.26,-0.96311
22.27,-0.99066
22.28,-1.0179
22.29,-1.045
22.3,-1.0717
22.31,-1.0982
22.32,-1.1244
22.33,-1.1504
22.34,-1.176
22.35,-1.2013
22.36,-1.2264
22.37,-1.2512
22.38,-1.2756
22.39,-1.2998
22.4,-1.3236
22.41,-1.3471
22.42,-1.3703
22.43,-1.3932
22.44,-1.4158
22.45,-1.438
22.46,-1.4599
22.47,-1.4814
22.48,-1.5027
22.49,-1.5235
22.5,-1.5441
22.51,-1.5643
22.52,-1.5841
22.53,-1.6036
22.54,-1.6227
22.55,-1.6415
22.56,-1.6599
22.57,-1.6779
22.58,-1.6956
22.59,-1.7129
22.6,-1.7299
22.61,-1.7465
22.62,-1.7627
22.63,-1.7785
22.64,-1.7939
22.65,-1.809
22.66,-1.8237
22.67,-1.838
22.68,-1.8519
22.69,-1.8654
22.7,-1.8786
22.71,-1.8914
22.72,-1.9037
22.73,-1.9157
22.74,-1.9273
22.75,-1.9386
22.76,-1.9494
22.77,-1.9598
22.78,-1.9698
22.79,-1.9795
22.8,-1.9888
22.81,-1.9976
22.82,-2.0061
22.83,-2.0142
22.84,-2.0219
22.85,-2.0292
22.86,-2.0361
22.87,-2.0426
22.88,-2.0487
22.89,-2.0545
22.9,-2.0598
22.91,-2.0648
22.92,-2.0694
22.93,-2.0736
22.94,-2.0774
22.95,-2.0808
22.96,-2.0838
22.97,-2.0865
22.98,-2.0888
22.99,-2.0907
23,-2.0922
23.01,-2.0934
23.02,-2.0942
23.03,-2.0946
23.04,-2.0946
23.05,-2.0943
23.06,-2.0936
23.07,-2.0926
23.08,-2.0911
23.09,-2.0894
23.1,-2.0873
23.11,-2.0848
23.12,-2.082
23.13,-2.0788
23.14,-2.0753
23.15,-2.0714
23.16,-2.0672
23.17,-2.0627
23.18,-2.0578
23.19,-2.0526
23.2,-2.0471
23.21,-2.0412
23.22,-2.035
23.23,-2.0286
23.24,-2.0217
23.25,-2.0146
23.26,-2.0072
23.27,-1.9995
23.28,-1.9915
23.29,-1.9831
23.3,-1.9745
23.31,-1.9656
23.32,-1.9564
23.33,-1.947
23.34,-1.9372
23.35,-1.9272
23.36,-1.9169
23.37,-1.9064
23.38,-1.8956
23.39,-1.8845
23.4,-1.8732
23.41,-1.8616
23.42,-1.8498
23.43,-1.8377
23.44,-1.8255
23.45,-1.8129
23.46,-1.8002
23.47,-1.7872
23.48,-1.774
23.49,-1.7606
23.5,-1.747
23.51,-1.7332
23.52,-1.7192
23.53,-1.705
23.54,-1.6906
23.55,-1.6761
23.56,-1.6613
23.57,-1.6464
23.58,-1.6313
23.59,-1.616
23.6,-1.6006
23.61,-1.585
23.62,-1.5692
23.63,-1.5533
23.64,-1.5373
23.65,-1.5212
23.66,-1.5049
23.67,-1.4884
23.68,-1.4719
23.69,-1.4552
23.7,-1.4384
23.71,-1.4215
23.72,-1.4045
23.73,-1.3875
23.74,-1.3703
23.75,-1.353
23.76,-1.3356
23.77,-1.3182
23.78,-1.3007
23.79,-1.2831
23.8,-1.2655
23.81,-1.2477
23.82,-1.23
23.83,-1.2122
23.84,-1.1943
23.85,-1.1764
23.86,-1.1585
23.87,-1.1405
23.88,-1.1225
23.89,-1.1045
23.9,-1.0864
23.91,-1.0683
23.92,-1.0503
23.93,-1.0322
23.94,-1.0141
23.95,-0.99606
23.96,-0.978
23.97,-0.95995
23.98,-0.94192
23.99,-0.9239
24,-0.90592
24.01,-0.88796
24.02,-0.87003
24.03,-0.85215
24.04,-0.8343
24.05,-0.8165
24.06,-0.79875
24.07,-0.78105
24.08,-0.76341
24.09,-0.74583
24.1,-0.72832
24.11,-0.71087
24.12,-0.6935
24.13,-0.6762
24.14,-0.65898
24.15,-0.64185
24.16,-0.6248
24.17,-0.60784
24.18,-0.59098
24.19,-0.57421
24.2,-0.55754
24.21,-0.54098
24.22,-0.52452
24.23,-0.50817
24.24,-0.49194
24.25,-0.47582
24.26,-0.45981
24.27,-0.44393
24.28,-0.42818
24.29,-0.41254
24.3,-0.39704
24.31,-0.38167
24.32,-0.36644
24.33,-0.35134
24.34,-0.33638
24.35,-0.32157
24.36,-0.30689
24.37,-0.29237
24.38,-0.27799
24.39,-0.26376
24.4,-0.24968
24.41,-0.23576
24.42,-0.222
24.43,-0.20839
24.44,-0.19494
24.45,-0.18165
24.46,-0.16853
24.47,-0.15557
24.48,-0.14278
24.49,-0.13015
24.5,-0.1177
24.51,-0.10541
24.52,-0.093292
24.53,-0.081349
24.54,-0.069578
24.55,-0.057982
24.56,-0.046561
24.57,-0.035316
24.58,-0.024248
24.59,-0.013357
24.6,-0.0026442
24.61,0.0078898
24.62,0.018245
24.63,0.02842
24.64,0.038415
24.65,0.04823
24.66,0.057865
24.67,0.067319
24.68,0.076592
24.69,0.085685
24.7,0.094597
24.71,0.10333
24.72,0.11188
24.73,0.12025
24.74,0.12844
24.75,0.13645
24.76,0.14428
24.77,0.15194
24.78,0.15941
24.79,0.16671
24.8,0.17384
24.81,0.18078
24.82,0.18755
24.83,0.19415
24.84,0.20057
24.85,0.20682
24.86,0.2129
24.87,0.21881
24.88,0.22455
24.89,0.23013
24.9,0.23553
24.91,0.24077
24.92,0.24585
24.93,0.25077
24.94,0.25552
24.95,0.26012
24.96,0.26455
24.97,0.26883
24.98,0.27296
24.99,0.27693
25,0.28076
25.01,0.28443
25.02,0.28796
25.03,0.29134
25.04,0.29458
25.05,0.29768
25.06,0.30063
25.07,0.30346
25.08,0.30614
25.09,0.3087
25.1,0.31112
25.11,0.31341
25.12,0.31558
25.13,0.31763
25.14,0.31955
25.15,0.32136
25.16,0.32304
25.17,0.32462
25.18,0.32608
25.19,0.32744
25.2,0.32868
25.21,0.32983
25.22,0.33087
25.23,0.33181
25.24,0.33266
25.25,0.33342
25.26,0.33408
25.27,0.33466
25.28,0.33515
25.29,0.33556
25.3,0.33589
25.31,0.33614
25.32,0.33632
25.33,0.33642
25.34,0.33646
25.35,0.33643
25.36,0.33634
25.37,0.3362
25.38,0.33599
25.39,0.33573
25.4,0.33542
25.41,0.33506
25.42,0.33465
25.43,0.3342
25.44,0.33371
25.45,0.33319
25.46,0.33263
25.47,0.33204
25.48,0.33143
25.49,0.33078
25.5,0.33012
25.51,0.32943
25.52,0.32873
25.53,0.32802
25.54,0.32729
25.55,0.32656
25.56,0.32582
25.57,0.32508
25.58,0.32434
25.59,0.3236
25.6,0.32287
25.61,0.32215
25.62,0.32144
25.63,0.32074
25.64,0.32006
25.65,0.3194
25.66,0.31876
25.67,0.31815
25.68,0.31756
25.69,0.317
25.7,0.31648
25.71,0.31599
25.72,0.31554
25.73,0.31513
25.74,0.31476
25.75,0.31443
25.76,0.31416
25.77,0.31393
25.78,0.31375
25.79,0.31363
25.8,0.31356
25.81,0.31356
25.82,0.31361
25.83,0.31373
25.84,0.31391
25.85,0.31415
25.86,0.31447
25.87,0.31486
25.88,0.31532
25.89,0.31585
25.9,0.31647
25.91,0.31715
25.92,0.31792
25.93,0.31878
25.94,0.31971
25.95,0.32073
25.96,0.32184
25.97,0.32303
25.98,0.32431
25.99,0.32569
26,0.32716
26.01,0.32872
26.02,0.33037
26.03,0.33212
26.04,0.33397
26.05,0.33592
26.06,0.33796
26.07,0.34011
26.08,0.34236
26.09,0.34471
26.1,0.34716
26.11,0.34972
26.12,0.35238
26.13,0.35514
26.14,0.35802
26.15,0.361
26.16,0.36408
26.17,0.36728
26.18,0.37058
26.19,0.37399
26.2,0.3775
26.21,0.38113
26.22,0.38487
26.23,0.38871
26.24,0.39266
26.25,0.39673
26.26,0.4009
26.27,0.40518
26.28,0.40957
26.29,0.41406
26.3,0.41867
26.31,0.42338
26.32,0.4282
26.33,0.43313
26.34,0.43817
26.35,0.44331
26.36,0.44855
26.37,0.4539
26.38,0.45936
26.39,0.46492
26.4,0.47058
26.41,0.47634
26.42,0.4822
26.43,0.48816
26.44,0.49422
26.45,0.50037
26.46,0.50663
26.47,0.51297
26.48,0.51942
26.49,0.52595
26.5,0.53257
26.51,0.53929
26.52,0.54609
26.53,0.55297
26.54,0.55995
26.55,0.567
26.56,0.57414
26.57,0.58135
26.58,0.58865
26.59,0.59602
26.6,0.60346
26.61,0.61098
26.62,0.61857
26.63,0.62622
26.64,0.63394
26.65,0.64173
26.66,0.64957
26.67,0.65748
26.68,0.66545
26.69,0.67346
26.7,0.68154
26.71,0.68966
26.72,0.69783
26.73,0.70605
26.74,0.71431
26.75,0.72261
26.76,0.73095
26.77,0.73932
26.78,0.74773
26.79,0.75616
26.8,0.76463
26.81,0.77312
26.82,0.78163
26.83,0.79016
26.84,0.79871
26.85,0.80727
26.86,0.81584
26.87,0.82442
26.88,0.833
26.89,0.84159
26.9,0.85018
26.91,0.85876
26.92,0.86733
26.93,0.8759
26.94,0.88445
26.95,0.89299
26.96,0.9015
26.97,0.91
26.98,0.91847
26.99,0.92691
27,0.93532
27.01,0.94369
27.02,0.95203
27.03,0.96032
27.04,0.96857
27.05,0.97678
27.06,0.98493
27.07,0.99303
27.08,1.0011
27.09,1.0091
27.1,1.017
27.11,1.0248
27.12,1.0326
27.13,1.0403
27.14,1.0479
27.15,1.0555
27.16,1.063
27.17,1.0704
27.18,1.0777
27.19,1.0849
27.2,1.092
27.21,1.099
27.22,1.1059
27.23,1.1127
27.24,1.1194
27.25,1.126
27.26,1.1324
27.27,1.1388
27.28,1.145
27.29,1.1511
27.3,1.1571
27.31,1.1629
27.32,1.1686
27.33,1.1742
27.34,1.1797
27.35,1.185
27.36,1.1901
27.37,1.1951
27.38,1.2
27.39,1.2047
27.4,1.2093
27.41,1.2136
27.42,1.2179
27.43,1.2219
27.44,1.2258
27.45,1.2296
27.46,1.2331
27.47,1.2365
27.48,1.2397
27.49,1.2427
27.5,1.2456
27.51,1.2482
27.52,1.2507
27.53,1.253
27.54,1.2551
27.55,1.257
27.56,1.2587
27.57,1.2602
27.58,1.2615
27.59,1.2626
27.6,1.2635
27.61,1.2642
27.62,1.2647
27.63,1.265
27.64,1.265
27.65,1.2649
27.66,1.2645
27.67,1.2639
27.68,1.2631
27.69,1.2621
27.7,1.2609
27.71,1.2594
27.72,1.2577
27.73,1.2558
27.74,1.2537
27.75,1.2513
27.76,1.2487
27.77,1.2458
27.78,1.2428
27.79,1.2395
27.8,1.236
27.81,1.2322
27.82,1.2282
27.83,1.224
27.84,1.2195
27.85,1.2148
27.86,1.2098
27.87,1.2046
27.88,1.1992
27.89,1.1935
27.9,1.1876
27.91,1.1815
27.92,1.1751
27.93,1.1685
27.94,1.1616
27.95,1.1545
27.96,1.1472
27.97,1.1396
27.98,1.1317
27.99,1.1237
28,1.1154
28.01,1.1068
28.02,1.098
28.03,1.089
28.04,1.0797
28.05,1.0702
28.06,1.0605
28.07,1.0505
28.08,1.0403
28.09,1.0299
28.1,1.0192
28.11,1.0083
28.12,0.99719
28.13,0.98583
28.14,0.97423
28.15,0.96241
28.16,0.95037
28.17,0.9381
28.18,0.92561
28.19,0.91289
28.2,0.89996
28.21,0.88681
28.22,0.87344
28.23,0.85986
28.24,0.84607
28.25,0.83206
28.26,0.81785
28.27,0.80343
28.28,0.7888
28.29,0.77397
28.3,0.75895
28.31,0.74372
28.32,0.7283
28.33,0.71268
28.34,0.69688
28.35,0.68088
28.36,0.6647
28.37,0.64834
28.38,0.6318
28.39,0.61507
28.4,0.59818
28.41,0.58111
28.42,0.56387
28.43,0.54647
28.44,0.5289
28.45,0.51117
28.46,0.49329
28.47,0.47525
28.48,0.45705
28.49,0.43872
28.5,0.42023
28.51,0.40161
28.52,0.38285
28.53,0.36395
28.54,0.34492
28.55,0.32577
28.56,0.30649
28.57,0.28709
28.58,0.26757
28.59,0.24794
28.6,0.22821
28.61,0.20836
28.62,0.18841
28.63,0.16837
28.64,0.14823
28.65,0.128
28.66,0.10769
28.67,0.087287
28.68,0.066809
28.69,0.046257
28.7,0.025635
28.71,0.0049453
28.72,-0.015807
28.73,-0.036617
28.74,-0.057482
28.75,-0.078397
28.76,-0.099358
28.77,-0.12036
28.78,-0.1414
28.79,-0.16248
28.8,-0.18358
28.81,-0.20471
28.82,-0.22586
28.83,-0.24702
28.84,-0.2682
28.85,-0.28939
28.86,-0.31058
28.87,-0.33176
28.88,-0.35295
28.89,-0.37412
28.9,-0.39528
28.91,-0.41642
28.92,-0.43754
28.93,-0.45863
28.94,-0.47969
28.95,-0.50072
28.96,-0.5217
28.97,-0.54264
28.98,-0.56354
28.99,-0.58438
29,-0.60516
29.01,-0.62588
29.02,-0.64653
29.03,-0.66711
29.04,-0.68762
29.05,-0.70805
29.06,-0.72839
29.07,-0.74865
29.08,-0.76881
29.09,-0.78888
29.1,-0.80885
29.11,-0.82872
29.12,-0.84847
29.13,-0.86811
29.14,-0.88764
29.15,-0.90704
29.16,-0.92631
29.17,-0.94546
29.18,-0.96448
29.19,-0.98335
29.2,-1.0021
29.21,-1.0207
29.22,-1.0391
29.23,-1.0574
29.24,-1.0755
29.25,-1.0935
29.26,-1.1113
29.27,-1.1289
29.28,-1.1464
29.29,-1.1637
29.3,-1.1807
29.31,-1.1977
29.32,-1.2144
29.33,-1.2309
29.34,-1.2473
29.35,-1.2634
29.36,-1.2794
29.37,-1.2951
29.38,-1.3106
29.39,-1.3259
29.4,-1.341
29.41,-1.3559
29.42,-1.3706
29.43,-1.385
29.44,-1.3992
29.45,-1.4132
29.46,-1.4269
29.47,-1.4404
29.48,-1.4537
29.49,-1.4667
29.5,-1.4795
29.51,-1.492
29.52,-1.5043
29.53,-1.5163
29.54,-1.5281
29.55,-1.5396
29.56,-1.5509
29.57,-1.5619
29.58,-1.5726
29.59,-1.583
29.6,-1.5932
29.61,-1.6031
29.62,-1.6128
29.63,-1.6221
29.64,-1.6312
29.65,-1.64
29.66,-1.6486
29.67,-1.6568
29.68,-1.6647
29.69,-1.6724
29.7,-1.6798
29.71,-1.6869
29.72,-1.6937
29.73,-1.7002
29.74,-1.7064
29.75,-1.7123
29.76,-1.7179
29.77,-1.7232
29.78,-1.7283
29.79,-1.733
29.8,-1.7374
29.81,-1.7415
29.82,-1.7453
29.83,-1.7489
29.84,-1.7521
29.85,-1.755
29.86,-1.7576
29.87,-1.7599
29.88,-1.7619
29.89,-1.7636
29.9,-1.7649
29.91,-1.766
29.92,-1.7668
29.93,-1.7672
29.94,-1.7674
29.95,-1.7673
29.96,-1.7668
29.97,-1.766
29.98,-1.765
29.99,-1.7636
30,-1.7619
